{
    "train_losses": [
        0.5663488121519943,
        0.5146378433714459,
        0.4892407692552188,
        0.4655026228677856,
        0.44422635511665975,
        0.423708617766958
    ],
    "val_losses": [
        0.5895439042497451,
        0.5838466959256989,
        0.5708398766231754,
        0.5976454823778837,
        0.5945529478975516,
        0.614702952292065
    ],
    "best_epoch": 3,
    "best_val_loss": 0.5708398766231754,
    "final_val_metrics": {
        "accuracy": 79.39558656498458,
        "majority_accuracy": 53.0391043323057,
        "phase_accuracies": {
            "debut": 74.80399649033427,
            "milieu": 85.81847649918963,
            "fin": 68.44155844155844
        },
        "phase_counts": {
            "debut": 70662,
            "milieu": 51828,
            "fin": 770
        }
    }
}