{
    "train_losses": [
        0.5739409655805732,
        0.5199974496916383,
        0.4914825050939992,
        0.4670798396628094,
        0.44612731952774237
    ],
    "val_losses": [
        0.5869672088200021,
        0.5869494790535613,
        0.5947387826898723,
        0.614110351761411,
        0.6193395469809786
    ],
    "best_epoch": 2,
    "best_val_loss": 0.5869494790535613,
    "final_val_metrics": {
        "accuracy": 78.91611228297907,
        "majority_accuracy": 53.0391043323057,
        "phase_accuracies": {
            "debut": 74.23084543318899,
            "milieu": 85.45380875202594,
            "fin": 68.83116883116884
        },
        "phase_counts": {
            "debut": 70662,
            "milieu": 51828,
            "fin": 770
        }
    }
}