{
    "train_losses": [
        0.5965595662091003,
        0.5416927424263044,
        0.5239484099578413,
        0.5078724729919545,
        0.491552482487151,
        0.4797210555603462
    ],
    "val_losses": [
        0.5905230110846962,
        0.5832166858260438,
        0.58220072042414,
        0.5922906986939893,
        0.59744821648048,
        0.6232553810662174
    ],
    "best_epoch": 3,
    "best_val_loss": 0.58220072042414,
    "final_val_metrics": {
        "accuracy": 79.11406782411163,
        "majority_accuracy": 53.0391043323057,
        "phase_accuracies": {
            "debut": 74.74172822733577,
            "milieu": 85.27243960793393,
            "fin": 65.84415584415585
        },
        "phase_counts": {
            "debut": 70662,
            "milieu": 51828,
            "fin": 770
        }
    }
}